Initial_Score,Optimized_Score
0.8426374351065484,0.8439847249232312
