Initial_Score,Optimized_Score
0.8190647506838051,0.8229474869469273
